Workbook

Sheet Interviste
A1: ID | B1: File sorgente | C1: Tipo di data item | D1: Intervistatore/i | E1: Età | F1: Ruolo / professione | G1: Anni da remoto | H1: Contesto personale e spazio | I1: Località | J1: N. estratti codificati
A2: I01 | B2: ImmediateUser1.md | C2: Immediate user | D2: Lisa, Francesca | E2: 33 | F2: Budget e contratti per trial clinici (multinazionale farmaceutica) | G2: 4.5 | H2: Vive con la compagna (2 giorni remoto, 3 in sede); studio dedicato | I2: Torino (da nota in trascrizione) | J2: =COUNTIF(Codifica!$A$2:$A$213,A2) -> 41
A3: I02 | B3: ImmediateUser2.md | C3: Immediate user | D3: Francesca | E3: 28 | F3: Product owner (metodologia agile) | G3: 3.5 | H3: Vive con i genitori; spazio ritagliato in casa | I3: n/d | J3: =COUNTIF(Codifica!$A$2:$A$213,A3) -> 33
A4: I03 | B4: ImmediateUser3.md | C4: Immediate user | D4: Luisa | E4: 34 | F4: Solution architect (e-commerce) | G4: 6 | H4: Vive con marito e figlia di 1 anno; lavora nella cameretta | I4: n/d | J4: =COUNTIF(Codifica!$A$2:$A$213,A4) -> 27
A5: I04 | B5: ImmediateUser4.md | C5: Immediate user | D5: Lisa (domande), Luisa (appunti) | E5: 29 | F5: Commerciale (vendita software) | G5: 0.67 | H5: Vive con la moglie (che lavora in sede); lavora da una stanza-studio dedicata | I5: Stati Uniti (dedotto dall'intervista) | J5: =COUNTIF(Codifica!$A$2:$A$213,A5) -> 38
A6: I05 | B6: ExtremeUserInterview.md | C6: Extreme user | D6: Giuseppe (domande), Lisa (appunti) | E6: circa 42 (stima) | F6: Architect / sys admin con ruolo in transizione verso il manageriale | G6: 11 | H6: Semi-single (non convive); casa in montagna | I6: Alpi francesi | J6: =COUNTIF(Codifica!$A$2:$A$213,A6) -> 47
A7: I06 | B7: Psychologist.md | C7: Esperto (psicologa) | D7: Luisa | E7: n/d | F7: Psicologa; segue pazienti under 35 | G7: n/d | H7: Pazienti in lavoro ibrido, non full remote | I7: n/d | J7: =COUNTIF(Codifica!$A$2:$A$213,A7) -> 26
A8: Totale | H8: Controllo: totale = righe di Codifica? | I8: =IF(J8=COUNTA(Codifica!$A$2:$A$213),"OK","ERRORE") -> OK | J8: =SUM(J2:J7) -> 212

Sheet Codebook
A1: Codice | B1: Etichetta | C1: Descrizione | D1: N. segmenti | E1: N. interviste (su 6)
A2: C01 | B2: Struttura della giornata e routine | C2: Include orari di inizio e fine, scansione fissa o variabile della giornata, routine quotidiane e il modo in cui l'organizzazione del lavoro modella il resto della giornata. | D2: =COUNTIF(Codifica!$C$2:$C$213,"*"&A2&"*") -> 18 | E2: =COUNTIF(Matrice!$C$13:$H$13,">0") -> 5
A3: C02 | B3: Carico di lavoro variabile e imprevisti | C3: Include picchi e cali di attività, emergenze, richieste dell'ultimo minuto e giornate che cambiano rispetto a quanto previsto. | D3: =COUNTIF(Codifica!$C$2:$C$213,"*"&A3&"*") -> 11 | E3: =COUNTIF(Matrice!$C$14:$H$14,">0") -> 4
A4: C03 | B4: Pause, pranzo e micro-interruzioni | C4: Include pausa pranzo, spuntini, faccende domestiche usate come stacco, pause dagli schermi, e la difficoltà o rinuncia a fare pause per il carico di lavoro. | D4: =COUNTIF(Codifica!$C$2:$C$213,"*"&A4&"*") -> 10 | E4: =COUNTIF(Matrice!$C$15:$H$15,">0") -> 4
A5: C04 | B5: Comunicazione e coordinamento con il team | C5: Include riunioni, call, chat ed email, la difficoltà di raggiungere i colleghi, la chiarezza comunicativa e il coordinamento sincrono e asincrono. | D5: =COUNTIF(Codifica!$C$2:$C$213,"*"&A5&"*") -> 14 | E5: =COUNTIF(Matrice!$C$16:$H$16,">0") -> 6
A6: C05 | B6: Lavoro fuori orario e confini permeabili | C6: Include messaggi o attività fuori orario, reperibilità, impatto percepito, e la tolleranza o preferenza per una separazione meno netta tra lavoro e vita privata. | D6: =COUNTIF(Codifica!$C$2:$C$213,"*"&A6&"*") -> 18 | E6: =COUNTIF(Matrice!$C$17:$H$17,">0") -> 6
A7: C06 | B7: Strategie e rituali di separazione digitale | C7: Include spegnere PC e telefono aziendale, non installare account di lavoro sul telefono personale, blocchi automatici di accesso, notifiche silenziate e limiti di orario per le email. | D7: =COUNTIF(Codifica!$C$2:$C$213,"*"&A7&"*") -> 9 | E7: =COUNTIF(Matrice!$C$18:$H$18,">0") -> 4
A8: C07 | B8: Spazio fisico di lavoro e setup | C8: Include stanza o postazione dedicata, scrivania, monitor, sedia, ordine, rumori, e il non entrare nello spazio di lavoro fuori orario. | D8: =COUNTIF(Codifica!$C$2:$C$213,"*"&A8&"*") -> 17 | E8: =COUNTIF(Matrice!$C$19:$H$19,">0") -> 6
A9: C08 | B9: Interruzioni e presenza di altre persone in casa | C9: Include familiari, partner, vicini, manutenzione, animali e le regole o gli accordi per gestirli durante il lavoro. | D9: =COUNTIF(Codifica!$C$2:$C$213,"*"&A9&"*") -> 14 | E9: =COUNTIF(Matrice!$C$20:$H$20,">0") -> 5
A10: C09 | B10: Famiglia, convivenza e conciliazione | C10: Include figli, partner e genitori, la gestione degli impegni familiari accanto al lavoro e le dinamiche di coppia o familiari legate al remoto. | D10: =COUNTIF(Codifica!$C$2:$C$213,"*"&A10&"*") -> 15 | E10: =COUNTIF(Matrice!$C$21:$H$21,">0") -> 5
A11: C10 | B11: Assenza di pendolarismo e tempo restituito | C11: Include l'azzeramento di spostamenti e traffico, i tempi di cena e serata, e il vantaggio di essere già a casa a fine giornata. | D11: =COUNTIF(Codifica!$C$2:$C$213,"*"&A11&"*") -> 7 | E11: =COUNTIF(Matrice!$C$22:$H$22,">0") -> 3
A12: C11 | B12: Flessibilità, autonomia e gestione del tempo | C12: Include la libertà di organizzare la giornata, incastrare hobby e impegni personali, il controllo dell'ambiente e la valutazione per risultati anziché per presenza. | D12: =COUNTIF(Codifica!$C$2:$C$213,"*"&A12&"*") -> 29 | E12: =COUNTIF(Matrice!$C$23:$H$23,">0") -> 6
A13: C12 | B13: Uscire di casa, movimento e tempo libero | C13: Include palestra, sport, passeggiate, commissioni, giornate senza uscire e la necessità di imporsi di uscire. | D13: =COUNTIF(Codifica!$C$2:$C$213,"*"&A13&"*") -> 14 | E13: =COUNTIF(Matrice!$C$24:$H$24,">0") -> 5
A14: C13 | B14: Amicizie e socialità extra-lavorativa | C14: Include la rete di amici scelti per passioni, le uscite nel weekend, l'assenza di amicizie nate dal lavoro e la fatica di costruire una cerchia sociale. | D14: =COUNTIF(Codifica!$C$2:$C$213,"*"&A14&"*") -> 14 | E14: =COUNTIF(Matrice!$C$25:$H$25,">0") -> 5
A15: C14 | B15: Relazioni con i colleghi | C15: Include rapporti di sola conoscenza, selettività, legami rallentati o più superficiali, pettegolezzi e il contrasto tra rapporti scelti e rapporti imposti. | D15: =COUNTIF(Codifica!$C$2:$C$213,"*"&A15&"*") -> 22 | E15: =COUNTIF(Matrice!$C$26:$H$26,">0") -> 6
A16: C15 | B16: Incontri di persona e fiducia | C16: Include trasferte, primi incontri, aperitivi, eventi dal vivo e il loro effetto sulla confidenza e sulla qualità dei rapporti. | D16: =COUNTIF(Codifica!$C$2:$C$213,"*"&A16&"*") -> 14 | E16: =COUNTIF(Matrice!$C$27:$H$27,">0") -> 6
A17: C16 | B17: Apprendimento, onboarding e supporto a distanza | C17: Include imparare più lentamente, non poter chiedere subito, le difficoltà dei nuovi arrivati, la reticenza a chiedere aiuto e il mentoring virtuale. | D17: =COUNTIF(Codifica!$C$2:$C$213,"*"&A17&"*") -> 10 | E17: =COUNTIF(Matrice!$C$28:$H$28,">0") -> 3
A18: C17 | B18: Isolamento e rischio di alienazione | C18: Include solitudine, «bolla» domestica, rischio di isolamento sociale e difficoltà relazionali anche fuori dal lavoro. | D18: =COUNTIF(Codifica!$C$2:$C$213,"*"&A18&"*") -> 7 | E18: =COUNTIF(Matrice!$C$29:$H$29,">0") -> 3
A19: C18 | B19: Stress, preoccupazione e difficoltà a staccare | C19: Include l'impossibilità di staccare mentalmente, ansia da pressione, rischio burnout, iperconnessione e la normalizzazione della mancata pausa. | D19: =COUNTIF(Codifica!$C$2:$C$213,"*"&A19&"*") -> 13 | E19: =COUNTIF(Matrice!$C$30:$H$30,">0") -> 6
A20: C19 | B20: Presenza online e visibilità | C20: Include il dover dimostrare di essere attivi e reperibili, l'ansia di sembrare assenti e, al contrario, l'assenza di controllo sugli orari di connessione. | D20: =COUNTIF(Codifica!$C$2:$C$213,"*"&A20&"*") -> 6 | E20: =COUNTIF(Matrice!$C$31:$H$31,">0") -> 2
A21: C20 | B21: Ibrido, presenza fisica e ufficio | C21: Include il desiderio di giorni in ufficio, i vantaggi percepiti della presenza, la raccomandazione di modelli ibridi e il confronto con il lavoro in sede. | D21: =COUNTIF(Codifica!$C$2:$C$213,"*"&A21&"*") -> 11 | E21: =COUNTIF(Matrice!$C$32:$H$32,">0") -> 4
A22: C21 | B22: Tutele, normativa e infrastruttura organizzativa | C22: Include garanzie contrattuali, normativa su telelavoro e lavoro agile, documentazione carente, strumenti IT non integrati e il rischio di richiami in sede. | D22: =COUNTIF(Codifica!$C$2:$C$213,"*"&A22&"*") -> 10 | E22: =COUNTIF(Matrice!$C$33:$H$33,">0") -> 2
A23: C22 | B23: Meno distrazioni e produttività | C23: Include la riduzione di chiacchiere, pettegolezzi e perdite di tempo con i colleghi e il conseguente guadagno di concentrazione. | D23: =COUNTIF(Codifica!$C$2:$C$213,"*"&A23&"*") -> 3 | E23: =COUNTIF(Matrice!$C$34:$H$34,">0") -> 2
A24: C23 | B24: Salute fisica ed ergonomia | C24: Include postura, sedia, scrivania regolabile, affaticamento visivo e sedentarietà. | D24: =COUNTIF(Codifica!$C$2:$C$213,"*"&A24&"*") -> 5 | E24: =COUNTIF(Matrice!$C$35:$H$35,">0") -> 4
A25: C24 | B25: Mobilità geografica e radicamento territoriale | C25: Include la scelta del luogo di vita, la vicinanza ai genitori, la vita in montagna o in paese e l'inserimento nella comunità locale. | D25: =COUNTIF(Codifica!$C$2:$C$213,"*"&A25&"*") -> 12 | E25: =COUNTIF(Matrice!$C$36:$H$36,">0") -> 1
A26: C25 | B26: Cultura organizzativa e valori generazionali | C26: Include aspettative e valori dei giovani, il ruolo dell'impresa nel fissare limiti, la mentalità «da ufficio» e il divario tra generazioni. | D26: =COUNTIF(Codifica!$C$2:$C$213,"*"&A26&"*") -> 13 | E26: =COUNTIF(Matrice!$C$37:$H$37,">0") -> 3
A27: C26 | B27: Scelta o imposizione del lavoro da remoto | C27: Include chi ha scelto il remoto e chi lo ha ricevuto dall'azienda, e il remoto vissuto come normalità. | D27: =COUNTIF(Codifica!$C$2:$C$213,"*"&A27&"*") -> 4 | E27: =COUNTIF(Matrice!$C$38:$H$38,">0") -> 3
A28: ALTRO | B28: Contenuto pertinente non codificato | C28: Include contenuti pertinenti che non rientrano nei codici C01–C26. | D28: =COUNTIF(Codifica!$C$2:$C$213,"*"&A28&"*") -> 2 | E28: =COUNTIF(Matrice!$C$39:$H$39,">0") -> 2
A29: NP | B29: Risposta non pertinente, vuota o non informativa | C29: Include risposte prive di contenuto informativo o rimandate. | D29: =COUNTIF(Codifica!$C$2:$C$213,"*"&A29&"*") -> 1 | E29: =COUNTIF(Matrice!$C$40:$H$40,">0") -> 1

Sheet Codifica
A1: ID | B1: Estratto (verbatim) | C1: Codici (separati da virgola) | D1: Etichette dei codici | E1: Sezione / domanda guida (solo tracciabilità)
A2: I01 | B2: Quindi è un redigere, dopo aspettare oppure fare altro, insomma, trovare qualcos'altro da fare. | C2: C01, C02 | D2: Struttura della giornata e routine, Carico di lavoro variabile e imprevisti | E2: Giornata tipica
A3: I01 | B3: quindi va molto a ondate sostanzialmente | C3: C02 | D3: Carico di lavoro variabile e imprevisti | E3: Routine
A4: I01 | B4: Nessuno mi controlla a che ora mi loggo su Teams o quando rispondo | C4: C11, C19 | D4: Flessibilità, autonomia e gestione del tempo, Presenza online e visibilità | E4: Routine
A5: I01 | B5: A loro interessa solo che, consegno le cose in tempo e otteniamo i risultati. Tutto il resto, come mi gestisco la giornata sta a me insomma. | C5: C11 | D5: Flessibilità, autonomia e gestione del tempo | E5: Routine
A6: I01 | B6: dopo un po' ho gli occhi... Non ce la fanno più, quindi comunque devo staccare | C6: C03, C23 | D6: Pause, pranzo e micro-interruzioni, Salute fisica ed ergonomia | E6: Pause
A7: I01 | B7: sono proprio autonomo. Quindi per esempio adesso io dovrei finire alle cinque e mezza, però ho staccato. | C7: C03, C11 | D7: Pause, pranzo e micro-interruzioni, Flessibilità, autonomia e gestione del tempo | E7: Pause
A8: I01 | B8: o sport o comunque se esco vado in giro a fare fotografie o comunque mi vedo con altre persone che conosco | C8: C12, C13 | D8: Uscire di casa, movimento e tempo libero, Amicizie e socialità extra-lavorativa | E8: Pause
A9: I01 | B9: Anche perché comunque lo gestisco io il tempo di lavoro. Quindi raramente, molto raramente, forse una volta all'anno. | C9: C05, C11 | D9: Lavoro fuori orario e confini permeabili, Flessibilità, autonomia e gestione del tempo | E9: Lavoro fuori orario
A10: I01 | B10: Dovrei. Però onestamente neanche una persona che lavora in ufficio le riempie mai quelle ore là. | C10: C01 | D10: Struttura della giornata e routine | E10: Lavoro fuori orario
A11: I01 | B11: essendo che siamo comunque molto flessibili non mi pesa controllare le mail fuori dall'orario lavorativo, perché non succede molte volte | C11: C05, C11 | D11: Lavoro fuori orario e confini permeabili, Flessibilità, autonomia e gestione del tempo | E11: Lavoro fuori orario
A12: I01 | B12: conosco altre persone che ovviamente lavorano molto di più e lì il non riuscire a staccare pesa, mentalmente pesa tanto | C12: C18, C05 | D12: Stress, preoccupazione e difficoltà a staccare, Lavoro fuori orario e confini permeabili | E12: Lavoro fuori orario
... A213: I06 | B213: Ci devono essere momenti di incontro e di condivisione fisici anche. | C213: C20, C15 | D213: Ibrido, presenza fisica e ufficio, Incontri di persona e fiducia | E213: Soluzioni

Sheet Temi
A1: Tema | B1: Descrizione (2–3 frasi) | C1: Codici inclusi | D1: N. estratti (senza doppi conteggi) | E1: 2 citazioni di esempio (testuali, tra virgolette) | F1: N. interviste (su 6)
A2: T1 – Ritmi della giornata: routine, carichi variabili e pause | B2: Il tema descrive come la giornata a distanza prenda forma: orari fissi imposti dall'azienda oppure ritmi «a ondate», legati a scadenze e richieste. Le pause sono spesso informali e si confondono con le faccende domestiche, e a volte saltano del tutto quando il carico si accumula, senza che questo venga percepito come un problema. Il ritmo dipende molto più dal tipo di lavoro che dal luogo in cui si svolge. | C2: C01, C02, C03 | D2: =SUMPRODUCT(SIGN(ISNUMBER(SEARCH("C01",Codifica!$C$2:$C$213))+ISNUMBER(SEARCH("C02",Codifica!$C$2:$C$213))+ISNUMBER(SEARCH("C03",Codifica!$C$2:$C$213)))) -> 35 | E2: «diciamo che la giornata media produttiva reale difficilmente passa le quattro ore» (I05) «è dovuto dal carico di lavoro che si accumula e quindi non riesci ad alzarti dalla sedia» (I03) | F2: =COUNTIF(Matrice!$C$2:$H$2,">0") -> 5
A3: T2 – Confini tra lavoro e vita privata: orari, tecnologia e distacco mentale | B3: Il tema raccoglie i dispositivi con cui si separa il lavoro dalla vita privata: blocchi automatici del PC, telefono aziendale spento, nessun account di lavoro sul telefono personale. Accanto a questi emerge una tensione tra chi li costruisce attivamente e chi preferisce confini permeabili in cambio di libertà organizzativa. Lo stacco mentale resta però difficile per molti, e la tentazione di ricontrollare i messaggi nasce spesso dall'interno; l'esperta indica nell'iperconnessione e nell'assenza di limiti aziendali i fattori di rischio. | C3: C05, C06, C18, C19 | D3: =SUMPRODUCT(SIGN(ISNUMBER(SEARCH("C05",Codifica!$C$2:$C$213))+ISNUMBER(SEARCH("C06",Codifica!$C$2:$C$213))+ISNUMBER(SEARCH("C18",Codifica!$C$2:$C$213))+ISNUMBER(SEARCH("C19",Codifica!$C$2:$C$213)))) -> 39 | E3: «il modo principale è grazie al fatto che mi si blocca il computer. E quindi anche volendo non potrei lavorare.» (I04) «in termini di separazione vita-lavoro io preferisco avere meno separazione e, eeeh, maggior libertà organizzativa» (I05) | F3: =COUNTIF(Matrice!$C$3:$H$3,">0") -> 6
A4: T3 – La casa come ufficio: spazio, interruzioni e famiglia | B4: Il tema riguarda la convivenza tra lavoro e spazio domestico: la stanza o la postazione dedicata come primo confine fisico, il setup che si perfeziona nel tempo e la gestione di interruzioni da familiari, vicini e manutentori. La presenza di figli, partner o genitori richiede accordi e adattamenti continui, che i partecipanti descrivono in genere come gestibili. Lo spazio incide anche su concentrazione e salute, con attenzione crescente a ergonomia e ordine. | C4: C07, C08, C09, C23 | D4: =SUMPRODUCT(SIGN(ISNUMBER(SEARCH("C07",Codifica!$C$2:$C$213))+ISNUMBER(SEARCH("C08",Codifica!$C$2:$C$213))+ISNUMBER(SEARCH("C09",Codifica!$C$2:$C$213))+ISNUMBER(SEARCH("C23",Codifica!$C$2:$C$213)))) -> 40 | E4: «ho cercato di ritagliarmi uno spazio in cui potessi essere diciamo tranquilla, non sempre frequentato dal resto della mia famiglia» (I02) «avendo una picc... una bambina di 1 anno, ehm... magari sta male e quindi devi rimodulare di nuovo tutta la tua giornata» (I03) | F4: =COUNTIF(Matrice!$C$4:$H$4,">0") -> 6
A5: T4 – Tempo restituito, autonomia e vita fuori dal lavoro | B5: Il vantaggio più citato è la fine del pendolarismo: ore recuperate per cena, sport, hobby e impegni personali, e la possibilità di incastrare commissioni nella giornata. L'autonomia nel gestire il tempo, spesso accompagnata da una valutazione per risultati, è vissuta come un privilegio. Il movimento fuori casa e le uscite quotidiane diventano una scelta consapevole e non più un effetto collaterale dello spostamento verso l'ufficio. | C5: C10, C11, C12 | D5: =SUMPRODUCT(SIGN(ISNUMBER(SEARCH("C10",Codifica!$C$2:$C$213))+ISNUMBER(SEARCH("C11",Codifica!$C$2:$C$213))+ISNUMBER(SEARCH("C12",Codifica!$C$2:$C$213)))) -> 46 | E5: «quando chiudi, cioè quindi finisce la giornata lavorativa, sei già a casa e non devi invece fare un'ora, due ore di macchina o il traffico» (I03) «riuscire a incastrare l'hobby con il lavoro» (I01) | F5: =COUNTIF(Matrice!$C$5:$H$5,">0") -> 6
A6: T5 – Socialità scelta e radicamento territoriale | B6: Il tema mostra uno spostamento della socialità verso amicizie scelte per passioni e verso la comunità del luogo in cui si vive, mentre i legami con i colleghi passano in secondo piano. Costruire una cerchia richiede tempo, pazienza e iniziativa, soprattutto in una città nuova. La libertà geografica permette di avvicinarsi ai genitori o di inserirsi in comunità piccole, con effetti positivi su benessere e senso di appartenenza. | C6: C13, C24 | D6: =SUMPRODUCT(SIGN(ISNUMBER(SEARCH("C13",Codifica!$C$2:$C$213))+ISNUMBER(SEARCH("C24",Codifica!$C$2:$C$213)))) -> 24 | E6: «in quel momento sono stato cooptato nel comitato delle feste locale, quindi è stato immediato» (I05) «qui mi scelgo le relazioni sociali» (I01) | F6: =COUNTIF(Matrice!$C$6:$H$6,">0") -> 5
A7: T6 – Colleghi, fiducia e rischio di isolamento | B7: Il tema descrive l'altra faccia del remoto: rapporti con i colleghi che restano di conoscenza, più lenti da costruire e raramente oltre il lavoro, con effetti ambivalenti (meno pettegolezzi, ma anche meno fiducia). Gli incontri di persona, come trasferte o aperitivi, emergono come momenti che cambiano la qualità del legame. Il rischio di isolamento è riconosciuto sia dagli utenti sia dall'esperta, che indica nei modelli ibridi una via di mitigazione. | C7: C14, C15, C17, C20, C22 | D7: =SUMPRODUCT(SIGN(ISNUMBER(SEARCH("C14",Codifica!$C$2:$C$213))+ISNUMBER(SEARCH("C15",Codifica!$C$2:$C$213))+ISNUMBER(SEARCH("C17",Codifica!$C$2:$C$213))+ISNUMBER(SEARCH("C20",Codifica!$C$2:$C$213))+ISNUMBER(SEARCH("C22",Codifica!$C$2:$C$213)))) -> 44 | E7: «da quando ci siamo conosciuti di persona il nostro rapporto è diventato molto più confidenziale» (I02) «Ci devono essere momenti di incontro e di condivisione fisici anche.» (I06) | F7: =COUNTIF(Matrice!$C$7:$H$7,">0") -> 6
A8: T7 – Comunicare, imparare e collaborare a distanza | B8: Il tema riguarda ciò che si perde quando manca la prossimità: la domanda rapida al collega, il corridoio, l'apprendimento per osservazione. Contattare le persone richiede più tempo, più chiarezza e talvolta escalation, e chi arriva in azienda fatica a chiedere aiuto per timore di disturbare. Per lo più i partecipanti le gestiscono con organizzazione e pazienza, ma in alcuni casi richiedono escalation e perdite di tempo rilevanti. | C8: C04, C16 | D8: =SUMPRODUCT(SIGN(ISNUMBER(SEARCH("C04",Codifica!$C$2:$C$213))+ISNUMBER(SEARCH("C16",Codifica!$C$2:$C$213)))) -> 22 | E8: «ovvi impari più lentamente. Ok? Cioè, avere il collega di fianco, e che tu gli puoi chiedere qualsiasi cosa in qualsiasi momento, è molto meglio.» (I04) «Chi è dall'altra parte alle volte non sa come inserirsi, ha paura di disturbare, non vuole scriverti il dubbio appena gli viene» (I05) | F8: =COUNTIF(Matrice!$C$8:$H$8,">0") -> 6
A9: T8 – Tutele, cultura e infrastruttura organizzativa | B9: Il tema raccoglie le condizioni organizzative che rendono sostenibile il remoto: strumenti IT integrati, documentazione, garanzie normative e contrattuali contro eventuali richiami in sede. Compare la distinzione tra remoto scelto e remoto ricevuto dall'azienda, e per alcuni è semplicemente la normalità. L'esperta e l'utente estremo sottolineano che molto dipende dalla cultura aziendale e dal ruolo dell'impresa nel fissare limiti. | C9: C21, C25, C26 | D9: =SUMPRODUCT(SIGN(ISNUMBER(SEARCH("C21",Codifica!$C$2:$C$213))+ISNUMBER(SEARCH("C25",Codifica!$C$2:$C$213))+ISNUMBER(SEARCH("C26",Codifica!$C$2:$C$213)))) -> 26 | E9: «Abbiamo una marea di strumenti, eeeh, separati in cui lavorare non è così banale, proprio perché sono dei pezzi di un mosaico messi lì, eeeh, che si incastrano male tra loro.» (I05) «sta anche all'impresa, dare dei termini di tempo, cioè dopo le 18 è concesso non rispondere più alle mail» (I06) | F9: =COUNTIF(Matrice!$C$9:$H$9,">0") -> 5

Sheet Matrice
A1: ID | B1: Tema | C1: I01 | D1: I02 | E1: I03 | F1: I04 | G1: I05 | H1: I06 | I1: Totale estratti | J1: N. interviste
A2: T1 | B2: =Temi!A2 -> T1 – Ritmi della giornata: routine, carichi variabili e pause | C2: =SUMPRODUCT((Codifica!$A$2:$A$213=C$1)*SIGN(ISNUMBER(SEARCH("C01",Codifica!$C$2:$C$213))+ISNUMBER(SEARCH("C02",Codifica!$C$2:$C$213))+ISNUMBER(SEARCH("C03",Codifica!$C$2:$C$213)))) -> 6 | D2: =SUMPRODUCT((Codifica!$A$2:$A$213=D$1)*SIGN(ISNUMBER(SEARCH("C01",Codifica!$C$2:$C$213))+ISNUMBER(SEARCH("C02",Codifica!$C$2:$C$213))+ISNUMBER(SEARCH("C03",Codifica!$C$2:$C$213)))) -> 11 | E2: =SUMPRODUCT((Codifica!$A$2:$A$213=E$1)*SIGN(ISNUMBER(SEARCH("C01",Codifica!$C$2:$C$213))+ISNUMBER(SEARCH("C02",Codifica!$C$2:$C$213))+ISNUMBER(SEARCH("C03",Codifica!$C$2:$C$213)))) -> 8 | F2: =SUMPRODUCT((Codifica!$A$2:$A$213=F$1)*SIGN(ISNUMBER(SEARCH("C01",Codifica!$C$2:$C$213))+ISNUMBER(SEARCH("C02",Codifica!$C$2:$C$213))+ISNUMBER(SEARCH("C03",Codifica!$C$2:$C$213)))) -> 7 | G2: =SUMPRODUCT((Codifica!$A$2:$A$213=G$1)*SIGN(ISNUMBER(SEARCH("C01",Codifica!$C$2:$C$213))+ISNUMBER(SEARCH("C02",Codifica!$C$2:$C$213))+ISNUMBER(SEARCH("C03",Codifica!$C$2:$C$213)))) -> 3 | H2: =SUMPRODUCT((Codifica!$A$2:$A$213=H$1)*SIGN(ISNUMBER(SEARCH("C01",Codifica!$C$2:$C$213))+ISNUMBER(SEARCH("C02",Codifica!$C$2:$C$213))+ISNUMBER(SEARCH("C03",Codifica!$C$2:$C$213)))) -> 0 | I2: =SUM(C2:H2) -> 35 | J2: =COUNTIF(C2:H2,">0") -> 5
A3: T2 | B3: =Temi!A3 -> T2 – Confini tra lavoro e vita privata: orari, tecnologia e distacco mentale | C3: =SUMPRODUCT((Codifica!$A$2:$A$213=C$1)*SIGN(ISNUMBER(SEARCH("C05",Codifica!$C$2:$C$213))+ISNUMBER(SEARCH("C06",Codifica!$C$2:$C$213))+ISNUMBER(SEARCH("C18",Codifica!$C$2:$C$213))+ISNUMBER(SEARCH("C19",Codifica!$C$2:$C$213)))) -> 6 | D3: =SUMPRODUCT((Codifica!$A$2:$A$213=D$1)*SIGN(ISNUMBER(SEARCH("C05",Codifica!$C$2:$C$213))+ISNUMBER(SEARCH("C06",Codifica!$C$2:$C$213))+ISNUMBER(SEARCH("C18",Codifica!$C$2:$C$213))+ISNUMBER(SEARCH("C19",Codifica!$C$2:$C$213)))) -> 3 | E3: =SUMPRODUCT((Codifica!$A$2:$A$213=E$1)*SIGN(ISNUMBER(SEARCH("C05",Codifica!$C$2:$C$213))+ISNUMBER(SEARCH("C06",Codifica!$C$2:$C$213))+ISNUMBER(SEARCH("C18",Codifica!$C$2:$C$213))+ISNUMBER(SEARCH("C19",Codifica!$C$2:$C$213)))) -> 6 | F3: =SUMPRODUCT((Codifica!$A$2:$A$213=F$1)*SIGN(ISNUMBER(SEARCH("C05",Codifica!$C$2:$C$213))+ISNUMBER(SEARCH("C06",Codifica!$C$2:$C$213))+ISNUMBER(SEARCH("C18",Codifica!$C$2:$C$213))+ISNUMBER(SEARCH("C19",Codifica!$C$2:$C$213)))) -> 9 | G3: =SUMPRODUCT((Codifica!$A$2:$A$213=G$1)*SIGN(ISNUMBER(SEARCH("C05",Codifica!$C$2:$C$213))+ISNUMBER(SEARCH("C06",Codifica!$C$2:$C$213))+ISNUMBER(SEARCH("C18",Codifica!$C$2:$C$213))+ISNUMBER(SEARCH("C19",Codifica!$C$2:$C$213)))) -> 9 | H3: =SUMPRODUCT((Codifica!$A$2:$A$213=H$1)*SIGN(ISNUMBER(SEARCH("C05",Codifica!$C$2:$C$213))+ISNUMBER(SEARCH("C06",Codifica!$C$2:$C$213))+ISNUMBER(SEARCH("C18",Codifica!$C$2:$C$213))+ISNUMBER(SEARCH("C19",Codifica!$C$2:$C$213)))) -> 6 | I3: =SUM(C3:H3) -> 39 | J3: =COUNTIF(C3:H3,">0") -> 6
A4: T3 | B4: =Temi!A4 -> T3 – La casa come ufficio: spazio, interruzioni e famiglia | C4: =SUMPRODUCT((Codifica!$A$2:$A$213=C$1)*SIGN(ISNUMBER(SEARCH("C07",Codifica!$C$2:$C$213))+ISNUMBER(SEARCH("C08",Codifica!$C$2:$C$213))+ISNUMBER(SEARCH("C09",Codifica!$C$2:$C$213))+ISNUMBER(SEARCH("C23",Codifica!$C$2:$C$213)))) -> 7 | D4: =SUMPRODUCT((Codifica!$A$2:$A$213=D$1)*SIGN(ISNUMBER(SEARCH("C07",Codifica!$C$2:$C$213))+ISNUMBER(SEARCH("C08",Codifica!$C$2:$C$213))+ISNUMBER(SEARCH("C09",Codifica!$C$2:$C$213))+ISNUMBER(SEARCH("C23",Codifica!$C$2:$C$213)))) -> 7 | E4: =SUMPRODUCT((Codifica!$A$2:$A$213=E$1)*SIGN(ISNUMBER(SEARCH("C07",Codifica!$C$2:$C$213))+ISNUMBER(SEARCH("C08",Codifica!$C$2:$C$213))+ISNUMBER(SEARCH("C09",Codifica!$C$2:$C$213))+ISNUMBER(SEARCH("C23",Codifica!$C$2:$C$213)))) -> 9 | F4: =SUMPRODUCT((Codifica!$A$2:$A$213=F$1)*SIGN(ISNUMBER(SEARCH("C07",Codifica!$C$2:$C$213))+ISNUMBER(SEARCH("C08",Codifica!$C$2:$C$213))+ISNUMBER(SEARCH("C09",Codifica!$C$2:$C$213))+ISNUMBER(SEARCH("C23",Codifica!$C$2:$C$213)))) -> 9 | G4: =SUMPRODUCT((Codifica!$A$2:$A$213=G$1)*SIGN(ISNUMBER(SEARCH("C07",Codifica!$C$2:$C$213))+ISNUMBER(SEARCH("C08",Codifica!$C$2:$C$213))+ISNUMBER(SEARCH("C09",Codifica!$C$2:$C$213))+ISNUMBER(SEARCH("C23",Codifica!$C$2:$C$213)))) -> 6 | H4: =SUMPRODUCT((Codifica!$A$2:$A$213=H$1)*SIGN(ISNUMBER(SEARCH("C07",Codifica!$C$2:$C$213))+ISNUMBER(SEARCH("C08",Codifica!$C$2:$C$213))+ISNUMBER(SEARCH("C09",Codifica!$C$2:$C$213))+ISNUMBER(SEARCH("C23",Codifica!$C$2:$C$213)))) -> 2 | I4: =SUM(C4:H4) -> 40 | J4: =COUNTIF(C4:H4,">0") -> 6
A5: T4 | B5: =Temi!A5 -> T4 – Tempo restituito, autonomia e vita fuori dal lavoro | C5: =SUMPRODUCT((Codifica!$A$2:$A$213=C$1)*SIGN(ISNUMBER(SEARCH("C10",Codifica!$C$2:$C$213))+ISNUMBER(SEARCH("C11",Codifica!$C$2:$C$213))+ISNUMBER(SEARCH("C12",Codifica!$C$2:$C$213)))) -> 13 | D5: =SUMPRODUCT((Codifica!$A$2:$A$213=D$1)*SIGN(ISNUMBER(SEARCH("C10",Codifica!$C$2:$C$213))+ISNUMBER(SEARCH("C11",Codifica!$C$2:$C$213))+ISNUMBER(SEARCH("C12",Codifica!$C$2:$C$213)))) -> 9 | E5: =SUMPRODUCT((Codifica!$A$2:$A$213=E$1)*SIGN(ISNUMBER(SEARCH("C10",Codifica!$C$2:$C$213))+ISNUMBER(SEARCH("C11",Codifica!$C$2:$C$213))+ISNUMBER(SEARCH("C12",Codifica!$C$2:$C$213)))) -> 6 | F5: =SUMPRODUCT((Codifica!$A$2:$A$213=F$1)*SIGN(ISNUMBER(SEARCH("C10",Codifica!$C$2:$C$213))+ISNUMBER(SEARCH("C11",Codifica!$C$2:$C$213))+ISNUMBER(SEARCH("C12",Codifica!$C$2:$C$213)))) -> 6 | G5: =SUMPRODUCT((Codifica!$A$2:$A$213=G$1)*SIGN(ISNUMBER(SEARCH("C10",Codifica!$C$2:$C$213))+ISNUMBER(SEARCH("C11",Codifica!$C$2:$C$213))+ISNUMBER(SEARCH("C12",Codifica!$C$2:$C$213)))) -> 8 | H5: =SUMPRODUCT((Codifica!$A$2:$A$213=H$1)*SIGN(ISNUMBER(SEARCH("C10",Codifica!$C$2:$C$213))+ISNUMBER(SEARCH("C11",Codifica!$C$2:$C$213))+ISNUMBER(SEARCH("C12",Codifica!$C$2:$C$213)))) -> 4 | I5: =SUM(C5:H5) -> 46 | J5: =COUNTIF(C5:H5,">0") -> 6
A6: T5 | B6: =Temi!A6 -> T5 – Socialità scelta e radicamento territoriale | C6: =SUMPRODUCT((Codifica!$A$2:$A$213=C$1)*SIGN(ISNUMBER(SEARCH("C13",Codifica!$C$2:$C$213))+ISNUMBER(SEARCH("C24",Codifica!$C$2:$C$213)))) -> 8 | D6: =SUMPRODUCT((Codifica!$A$2:$A$213=D$1)*SIGN(ISNUMBER(SEARCH("C13",Codifica!$C$2:$C$213))+ISNUMBER(SEARCH("C24",Codifica!$C$2:$C$213)))) -> 1 | E6: =SUMPRODUCT((Codifica!$A$2:$A$213=E$1)*SIGN(ISNUMBER(SEARCH("C13",Codifica!$C$2:$C$213))+ISNUMBER(SEARCH("C24",Codifica!$C$2:$C$213)))) -> 1 | F6: =SUMPRODUCT((Codifica!$A$2:$A$213=F$1)*SIGN(ISNUMBER(SEARCH("C13",Codifica!$C$2:$C$213))+ISNUMBER(SEARCH("C24",Codifica!$C$2:$C$213)))) -> 2 | G6: =SUMPRODUCT((Codifica!$A$2:$A$213=G$1)*SIGN(ISNUMBER(SEARCH("C13",Codifica!$C$2:$C$213))+ISNUMBER(SEARCH("C24",Codifica!$C$2:$C$213)))) -> 12 | H6: =SUMPRODUCT((Codifica!$A$2:$A$213=H$1)*SIGN(ISNUMBER(SEARCH("C13",Codifica!$C$2:$C$213))+ISNUMBER(SEARCH("C24",Codifica!$C$2:$C$213)))) -> 0 | I6: =SUM(C6:H6) -> 24 | J6: =COUNTIF(C6:H6,">0") -> 5
A7: T6 | B7: =Temi!A7 -> T6 – Colleghi, fiducia e rischio di isolamento | C7: =SUMPRODUCT((Codifica!$A$2:$A$213=C$1)*SIGN(ISNUMBER(SEARCH("C14",Codifica!$C$2:$C$213))+ISNUMBER(SEARCH("C15",Codifica!$C$2:$C$213))+ISNUMBER(SEARCH("C17",Codifica!$C$2:$C$213))+ISNUMBER(SEARCH("C20",Codifica!$C$2:$C$213))+ISNUMBER(SEARCH("C22",Codifica!$C$2:$C$213)))) -> 8 | D7: =SUMPRODUCT((Codifica!$A$2:$A$213=D$1)*SIGN(ISNUMBER(SEARCH("C14",Codifica!$C$2:$C$213))+ISNUMBER(SEARCH("C15",Codifica!$C$2:$C$213))+ISNUMBER(SEARCH("C17",Codifica!$C$2:$C$213))+ISNUMBER(SEARCH("C20",Codifica!$C$2:$C$213))+ISNUMBER(SEARCH("C22",Codifica!$C$2:$C$213)))) -> 6 | E7: =SUMPRODUCT((Codifica!$A$2:$A$213=E$1)*SIGN(ISNUMBER(SEARCH("C14",Codifica!$C$2:$C$213))+ISNUMBER(SEARCH("C15",Codifica!$C$2:$C$213))+ISNUMBER(SEARCH("C17",Codifica!$C$2:$C$213))+ISNUMBER(SEARCH("C20",Codifica!$C$2:$C$213))+ISNUMBER(SEARCH("C22",Codifica!$C$2:$C$213)))) -> 6 | F7: =SUMPRODUCT((Codifica!$A$2:$A$213=F$1)*SIGN(ISNUMBER(SEARCH("C14",Codifica!$C$2:$C$213))+ISNUMBER(SEARCH("C15",Codifica!$C$2:$C$213))+ISNUMBER(SEARCH("C17",Codifica!$C$2:$C$213))+ISNUMBER(SEARCH("C20",Codifica!$C$2:$C$213))+ISNUMBER(SEARCH("C22",Codifica!$C$2:$C$213)))) -> 8 | G7: =SUMPRODUCT((Codifica!$A$2:$A$213=G$1)*SIGN(ISNUMBER(SEARCH("C14",Codifica!$C$2:$C$213))+ISNUMBER(SEARCH("C15",Codifica!$C$2:$C$213))+ISNUMBER(SEARCH("C17",Codifica!$C$2:$C$213))+ISNUMBER(SEARCH("C20",Codifica!$C$2:$C$213))+ISNUMBER(SEARCH("C22",Codifica!$C$2:$C$213)))) -> 5 | H7: =SUMPRODUCT((Codifica!$A$2:$A$213=H$1)*SIGN(ISNUMBER(SEARCH("C14",Codifica!$C$2:$C$213))+ISNUMBER(SEARCH("C15",Codifica!$C$2:$C$213))+ISNUMBER(SEARCH("C17",Codifica!$C$2:$C$213))+ISNUMBER(SEARCH("C20",Codifica!$C$2:$C$213))+ISNUMBER(SEARCH("C22",Codifica!$C$2:$C$213)))) -> 11 | I7: =SUM(C7:H7) -> 44 | J7: =COUNTIF(C7:H7,">0") -> 6
A8: T7 | B8: =Temi!A8 -> T7 – Comunicare, imparare e collaborare a distanza | C8: =SUMPRODUCT((Codifica!$A$2:$A$213=C$1)*SIGN(ISNUMBER(SEARCH("C04",Codifica!$C$2:$C$213))+ISNUMBER(SEARCH("C16",Codifica!$C$2:$C$213)))) -> 5 | D8: =SUMPRODUCT((Codifica!$A$2:$A$213=D$1)*SIGN(ISNUMBER(SEARCH("C04",Codifica!$C$2:$C$213))+ISNUMBER(SEARCH("C16",Codifica!$C$2:$C$213)))) -> 4 | E8: =SUMPRODUCT((Codifica!$A$2:$A$213=E$1)*SIGN(ISNUMBER(SEARCH("C04",Codifica!$C$2:$C$213))+ISNUMBER(SEARCH("C16",Codifica!$C$2:$C$213)))) -> 1 | F8: =SUMPRODUCT((Codifica!$A$2:$A$213=F$1)*SIGN(ISNUMBER(SEARCH("C04",Codifica!$C$2:$C$213))+ISNUMBER(SEARCH("C16",Codifica!$C$2:$C$213)))) -> 3 | G8: =SUMPRODUCT((Codifica!$A$2:$A$213=G$1)*SIGN(ISNUMBER(SEARCH("C04",Codifica!$C$2:$C$213))+ISNUMBER(SEARCH("C16",Codifica!$C$2:$C$213)))) -> 8 | H8: =SUMPRODUCT((Codifica!$A$2:$A$213=H$1)*SIGN(ISNUMBER(SEARCH("C04",Codifica!$C$2:$C$213))+ISNUMBER(SEARCH("C16",Codifica!$C$2:$C$213)))) -> 1 | I8: =SUM(C8:H8) -> 22 | J8: =COUNTIF(C8:H8,">0") -> 6
A9: T8 | B9: =Temi!A9 -> T8 – Tutele, cultura e infrastruttura organizzativa | C9: =SUMPRODUCT((Codifica!$A$2:$A$213=C$1)*SIGN(ISNUMBER(SEARCH("C21",Codifica!$C$2:$C$213))+ISNUMBER(SEARCH("C25",Codifica!$C$2:$C$213))+ISNUMBER(SEARCH("C26",Codifica!$C$2:$C$213)))) -> 2 | D9: =SUMPRODUCT((Codifica!$A$2:$A$213=D$1)*SIGN(ISNUMBER(SEARCH("C21",Codifica!$C$2:$C$213))+ISNUMBER(SEARCH("C25",Codifica!$C$2:$C$213))+ISNUMBER(SEARCH("C26",Codifica!$C$2:$C$213)))) -> 1 | E9: =SUMPRODUCT((Codifica!$A$2:$A$213=E$1)*SIGN(ISNUMBER(SEARCH("C21",Codifica!$C$2:$C$213))+ISNUMBER(SEARCH("C25",Codifica!$C$2:$C$213))+ISNUMBER(SEARCH("C26",Codifica!$C$2:$C$213)))) -> 0 | F9: =SUMPRODUCT((Codifica!$A$2:$A$213=F$1)*SIGN(ISNUMBER(SEARCH("C21",Codifica!$C$2:$C$213))+ISNUMBER(SEARCH("C25",Codifica!$C$2:$C$213))+ISNUMBER(SEARCH("C26",Codifica!$C$2:$C$213)))) -> 2 | G9: =SUMPRODUCT((Codifica!$A$2:$A$213=G$1)*SIGN(ISNUMBER(SEARCH("C21",Codifica!$C$2:$C$213))+ISNUMBER(SEARCH("C25",Codifica!$C$2:$C$213))+ISNUMBER(SEARCH("C26",Codifica!$C$2:$C$213)))) -> 12 | H9: =SUMPRODUCT((Codifica!$A$2:$A$213=H$1)*SIGN(ISNUMBER(SEARCH("C21",Codifica!$C$2:$C$213))+ISNUMBER(SEARCH("C25",Codifica!$C$2:$C$213))+ISNUMBER(SEARCH("C26",Codifica!$C$2:$C$213)))) -> 9 | I9: =SUM(C9:H9) -> 26 | J9: =COUNTIF(C9:H9,">0") -> 5
A11: Estratti per codice e intervista (un estratto con più codici compare in ciascuno dei suoi codici)
A12: Codice | B12: Etichetta | C12: I01 | D12: I02 | E12: I03 | F12: I04 | G12: I05 | H12: I06 | I12: Totale segmenti | J12: N. interviste
A13: C01 | B13: =Codebook!B2 -> Struttura della giornata e routine | C13: =COUNTIFS(Codifica!$A$2:$A$213,C$12,Codifica!$C$2:$C$213,"*"&$A13&"*") -> 3 | D13: =COUNTIFS(Codifica!$A$2:$A$213,D$12,Codifica!$C$2:$C$213,"*"&$A13&"*") -> 6 | E13: =COUNTIFS(Codifica!$A$2:$A$213,E$12,Codifica!$C$2:$C$213,"*"&$A13&"*") -> 2 | F13: =COUNTIFS(Codifica!$A$2:$A$213,F$12,Codifica!$C$2:$C$213,"*"&$A13&"*") -> 5 | G13: =COUNTIFS(Codifica!$A$2:$A$213,G$12,Codifica!$C$2:$C$213,"*"&$A13&"*") -> 2 | H13: =COUNTIFS(Codifica!$A$2:$A$213,H$12,Codifica!$C$2:$C$213,"*"&$A13&"*") -> 0 | I13: =SUM(C13:H13) -> 18 | J13: =COUNTIF(C13:H13,">0") -> 5
A14: C02 | B14: =Codebook!B3 -> Carico di lavoro variabile e imprevisti | C14: =COUNTIFS(Codifica!$A$2:$A$213,C$12,Codifica!$C$2:$C$213,"*"&$A14&"*") -> 2 | D14: =COUNTIFS(Codifica!$A$2:$A$213,D$12,Codifica!$C$2:$C$213,"*"&$A14&"*") -> 3 | E14: =COUNTIFS(Codifica!$A$2:$A$213,E$12,Codifica!$C$2:$C$213,"*"&$A14&"*") -> 3 | F14: =COUNTIFS(Codifica!$A$2:$A$213,F$12,Codifica!$C$2:$C$213,"*"&$A14&"*") -> 0 | G14: =COUNTIFS(Codifica!$A$2:$A$213,G$12,Codifica!$C$2:$C$213,"*"&$A14&"*") -> 3 | H14: =COUNTIFS(Codifica!$A$2:$A$213,H$12,Codifica!$C$2:$C$213,"*"&$A14&"*") -> 0 | I14: =SUM(C14:H14) -> 11 | J14: =COUNTIF(C14:H14,">0") -> 4
A15: C03 | B15: =Codebook!B4 -> Pause, pranzo e micro-interruzioni | C15: =COUNTIFS(Codifica!$A$2:$A$213,C$12,Codifica!$C$2:$C$213,"*"&$A15&"*") -> 2 | D15: =COUNTIFS(Codifica!$A$2:$A$213,D$12,Codifica!$C$2:$C$213,"*"&$A15&"*") -> 2 | E15: =COUNTIFS(Codifica!$A$2:$A$213,E$12,Codifica!$C$2:$C$213,"*"&$A15&"*") -> 4 | F15: =COUNTIFS(Codifica!$A$2:$A$213,F$12,Codifica!$C$2:$C$213,"*"&$A15&"*") -> 2 | G15: =COUNTIFS(Codifica!$A$2:$A$213,G$12,Codifica!$C$2:$C$213,"*"&$A15&"*") -> 0 | H15: =COUNTIFS(Codifica!$A$2:$A$213,H$12,Codifica!$C$2:$C$213,"*"&$A15&"*") -> 0 | I15: =SUM(C15:H15) -> 10 | J15: =COUNTIF(C15:H15,">0") -> 4
A16: C04 | B16: =Codebook!B5 -> Comunicazione e coordinamento con il team | C16: =COUNTIFS(Codifica!$A$2:$A$213,C$12,Codifica!$C$2:$C$213,"*"&$A16&"*") -> 5 | D16: =COUNTIFS(Codifica!$A$2:$A$213,D$12,Codifica!$C$2:$C$213,"*"&$A16&"*") -> 2 | E16: =COUNTIFS(Codifica!$A$2:$A$213,E$12,Codifica!$C$2:$C$213,"*"&$A16&"*") -> 1 | F16: =COUNTIFS(Codifica!$A$2:$A$213,F$12,Codifica!$C$2:$C$213,"*"&$A16&"*") -> 2 | G16: =COUNTIFS(Codifica!$A$2:$A$213,G$12,Codifica!$C$2:$C$213,"*"&$A16&"*") -> 3 | H16: =COUNTIFS(Codifica!$A$2:$A$213,H$12,Codifica!$C$2:$C$213,"*"&$A16&"*") -> 1 | I16: =SUM(C16:H16) -> 14 | J16: =COUNTIF(C16:H16,">0") -> 6
A17: C05 | B17: =Codebook!B6 -> Lavoro fuori orario e confini permeabili | C17: =COUNTIFS(Codifica!$A$2:$A$213,C$12,Codifica!$C$2:$C$213,"*"&$A17&"*") -> 3 | D17: =COUNTIFS(Codifica!$A$2:$A$213,D$12,Codifica!$C$2:$C$213,"*"&$A17&"*") -> 1 | E17: =COUNTIFS(Codifica!$A$2:$A$213,E$12,Codifica!$C$2:$C$213,"*"&$A17&"*") -> 4 | F17: =COUNTIFS(Codifica!$A$2:$A$213,F$12,Codifica!$C$2:$C$213,"*"&$A17&"*") -> 3 | G17: =COUNTIFS(Codifica!$A$2:$A$213,G$12,Codifica!$C$2:$C$213,"*"&$A17&"*") -> 4 | H17: =COUNTIFS(Codifica!$A$2:$A$213,H$12,Codifica!$C$2:$C$213,"*"&$A17&"*") -> 3 | I17: =SUM(C17:H17) -> 18 | J17: =COUNTIF(C17:H17,">0") -> 6
A18: C06 | B18: =Codebook!B7 -> Strategie e rituali di separazione digitale | C18: =COUNTIFS(Codifica!$A$2:$A$213,C$12,Codifica!$C$2:$C$213,"*"&$A18&"*") -> 0 | D18: =COUNTIFS(Codifica!$A$2:$A$213,D$12,Codifica!$C$2:$C$213,"*"&$A18&"*") -> 1 | E18: =COUNTIFS(Codifica!$A$2:$A$213,E$12,Codifica!$C$2:$C$213,"*"&$A18&"*") -> 2 | F18: =COUNTIFS(Codifica!$A$2:$A$213,F$12,Codifica!$C$2:$C$213,"*"&$A18&"*") -> 4 | G18: =COUNTIFS(Codifica!$A$2:$A$213,G$12,Codifica!$C$2:$C$213,"*"&$A18&"*") -> 0 | H18: =COUNTIFS(Codifica!$A$2:$A$213,H$12,Codifica!$C$2:$C$213,"*"&$A18&"*") -> 2 | I18: =SUM(C18:H18) -> 9 | J18: =COUNTIF(C18:H18,">0") -> 4
A19: C07 | B19: =Codebook!B8 -> Spazio fisico di lavoro e setup | C19: =COUNTIFS(Codifica!$A$2:$A$213,C$12,Codifica!$C$2:$C$213,"*"&$A19&"*") -> 3 | D19: =COUNTIFS(Codifica!$A$2:$A$213,D$12,Codifica!$C$2:$C$213,"*"&$A19&"*") -> 2 | E19: =COUNTIFS(Codifica!$A$2:$A$213,E$12,Codifica!$C$2:$C$213,"*"&$A19&"*") -> 2 | F19: =COUNTIFS(Codifica!$A$2:$A$213,F$12,Codifica!$C$2:$C$213,"*"&$A19&"*") -> 6 | G19: =COUNTIFS(Codifica!$A$2:$A$213,G$12,Codifica!$C$2:$C$213,"*"&$A19&"*") -> 2 | H19: =COUNTIFS(Codifica!$A$2:$A$213,H$12,Codifica!$C$2:$C$213,"*"&$A19&"*") -> 2 | I19: =SUM(C19:H19) -> 17 | J19: =COUNTIF(C19:H19,">0") -> 6
A20: C08 | B20: =Codebook!B9 -> Interruzioni e presenza di altre persone in casa | C20: =COUNTIFS(Codifica!$A$2:$A$213,C$12,Codifica!$C$2:$C$213,"*"&$A20&"*") -> 2 | D20: =COUNTIFS(Codifica!$A$2:$A$213,D$12,Codifica!$C$2:$C$213,"*"&$A20&"*") -> 5 | E20: =COUNTIFS(Codifica!$A$2:$A$213,E$12,Codifica!$C$2:$C$213,"*"&$A20&"*") -> 3 | F20: =COUNTIFS(Codifica!$A$2:$A$213,F$12,Codifica!$C$2:$C$213,"*"&$A20&"*") -> 3 | G20: =COUNTIFS(Codifica!$A$2:$A$213,G$12,Codifica!$C$2:$C$213,"*"&$A20&"*") -> 1 | H20: =COUNTIFS(Codifica!$A$2:$A$213,H$12,Codifica!$C$2:$C$213,"*"&$A20&"*") -> 0 | I20: =SUM(C20:H20) -> 14 | J20: =COUNTIF(C20:H20,">0") -> 5
A21: C09 | B21: =Codebook!B10 -> Famiglia, convivenza e conciliazione | C21: =COUNTIFS(Codifica!$A$2:$A$213,C$12,Codifica!$C$2:$C$213,"*"&$A21&"*") -> 1 | D21: =COUNTIFS(Codifica!$A$2:$A$213,D$12,Codifica!$C$2:$C$213,"*"&$A21&"*") -> 4 | E21: =COUNTIFS(Codifica!$A$2:$A$213,E$12,Codifica!$C$2:$C$213,"*"&$A21&"*") -> 5 | F21: =COUNTIFS(Codifica!$A$2:$A$213,F$12,Codifica!$C$2:$C$213,"*"&$A21&"*") -> 2 | G21: =COUNTIFS(Codifica!$A$2:$A$213,G$12,Codifica!$C$2:$C$213,"*"&$A21&"*") -> 3 | H21: =COUNTIFS(Codifica!$A$2:$A$213,H$12,Codifica!$C$2:$C$213,"*"&$A21&"*") -> 0 | I21: =SUM(C21:H21) -> 15 | J21: =COUNTIF(C21:H21,">0") -> 5
A22: C10 | B22: =Codebook!B11 -> Assenza di pendolarismo e tempo restituito | C22: =COUNTIFS(Codifica!$A$2:$A$213,C$12,Codifica!$C$2:$C$213,"*"&$A22&"*") -> 0 | D22: =COUNTIFS(Codifica!$A$2:$A$213,D$12,Codifica!$C$2:$C$213,"*"&$A22&"*") -> 3 | E22: =COUNTIFS(Codifica!$A$2:$A$213,E$12,Codifica!$C$2:$C$213,"*"&$A22&"*") -> 3 | F22: =COUNTIFS(Codifica!$A$2:$A$213,F$12,Codifica!$C$2:$C$213,"*"&$A22&"*") -> 0 | G22: =COUNTIFS(Codifica!$A$2:$A$213,G$12,Codifica!$C$2:$C$213,"*"&$A22&"*") -> 1 | H22: =COUNTIFS(Codifica!$A$2:$A$213,H$12,Codifica!$C$2:$C$213,"*"&$A22&"*") -> 0 | I22: =SUM(C22:H22) -> 7 | J22: =COUNTIF(C22:H22,">0") -> 3
A23: C11 | B23: =Codebook!B12 -> Flessibilità, autonomia e gestione del tempo | C23: =COUNTIFS(Codifica!$A$2:$A$213,C$12,Codifica!$C$2:$C$213,"*"&$A23&"*") -> 10 | D23: =COUNTIFS(Codifica!$A$2:$A$213,D$12,Codifica!$C$2:$C$213,"*"&$A23&"*") -> 4 | E23: =COUNTIFS(Codifica!$A$2:$A$213,E$12,Codifica!$C$2:$C$213,"*"&$A23&"*") -> 3 | F23: =COUNTIFS(Codifica!$A$2:$A$213,F$12,Codifica!$C$2:$C$213,"*"&$A23&"*") -> 2 | G23: =COUNTIFS(Codifica!$A$2:$A$213,G$12,Codifica!$C$2:$C$213,"*"&$A23&"*") -> 6 | H23: =COUNTIFS(Codifica!$A$2:$A$213,H$12,Codifica!$C$2:$C$213,"*"&$A23&"*") -> 4 | I23: =SUM(C23:H23) -> 29 | J23: =COUNTIF(C23:H23,">0") -> 6
A24: C12 | B24: =Codebook!B13 -> Uscire di casa, movimento e tempo libero | C24: =COUNTIFS(Codifica!$A$2:$A$213,C$12,Codifica!$C$2:$C$213,"*"&$A24&"*") -> 4 | D24: =COUNTIFS(Codifica!$A$2:$A$213,D$12,Codifica!$C$2:$C$213,"*"&$A24&"*") -> 3 | E24: =COUNTIFS(Codifica!$A$2:$A$213,E$12,Codifica!$C$2:$C$213,"*"&$A24&"*") -> 1 | F24: =COUNTIFS(Codifica!$A$2:$A$213,F$12,Codifica!$C$2:$C$213,"*"&$A24&"*") -> 4 | G24: =COUNTIFS(Codifica!$A$2:$A$213,G$12,Codifica!$C$2:$C$213,"*"&$A24&"*") -> 2 | H24: =COUNTIFS(Codifica!$A$2:$A$213,H$12,Codifica!$C$2:$C$213,"*"&$A24&"*") -> 0 | I24: =SUM(C24:H24) -> 14 | J24: =COUNTIF(C24:H24,">0") -> 5
... A40: NP | B40: =Codebook!B29 -> Risposta non pertinente, vuota o non informativa | C40: =COUNTIFS(Codifica!$A$2:$A$213,C$12,Codifica!$C$2:$C$213,"*"&$A40&"*") -> 0 | D40: =COUNTIFS(Codifica!$A$2:$A$213,D$12,Codifica!$C$2:$C$213,"*"&$A40&"*") -> 0 | E40: =COUNTIFS(Codifica!$A$2:$A$213,E$12,Codifica!$C$2:$C$213,"*"&$A40&"*") -> 0 | F40: =COUNTIFS(Codifica!$A$2:$A$213,F$12,Codifica!$C$2:$C$213,"*"&$A40&"*") -> 1 | G40: =COUNTIFS(Codifica!$A$2:$A$213,G$12,Codifica!$C$2:$C$213,"*"&$A40&"*") -> 0 | H40: =COUNTIFS(Codifica!$A$2:$A$213,H$12,Codifica!$C$2:$C$213,"*"&$A40&"*") -> 0 | I40: =SUM(C40:H40) -> 1 | J40: =COUNTIF(C40:H40,">0") -> 1

Sheet Note
A1: Voce | B1: Nota
A2: Data set | B2: 6 interviste semi-strutturate: 4 immediate user (I01–I04), 1 extreme user (I05, oltre i 35 anni, in telelavoro contrattuale da circa 11 anni) e 1 esperta (I06, psicologa). I06 non lavora da remoto: è un punto di vista professionale esterno, non un'esperienza vissuta.
A3: Approccio | B3: Analisi tematica induttiva (data-driven), a livello prevalentemente semantico con alcune letture latenti (es. normalizzazione della mancata pausa, ansia di visibilità). Il codebook è stato costruito sugli estratti e non su uno schema preesistente.
A4: Estratti | B4: Ogni estratto è un passaggio testuale contiguo, copiato dalla trascrizione senza modifiche (solo rimossi gli a capo). Non tutto il testo è stato codificato: sono stati selezionati i passaggi rilevanti per la domanda di ricerca. Un estratto può avere più codici.
A5: Conteggi | B5: Le colonne «N. segmenti», «N. estratti», «N. interviste» e le matrici sono formule che leggono il foglio Codifica: se si aggiunge o si cambia un codice, si aggiornano. Se si aggiungono righe in fondo a Codifica, vanno estesi gli intervalli $2:$213 nelle formule.
A6: Prevalenza e rilevanza | B6: Il numero di estratti dipende anche dalla lunghezza dell'intervista (I05 è la più lunga). Per giudicare un tema conviene guardare «N. interviste» oltre a «N. estratti»; un tema presente in poche interviste può comunque essere rilevante rispetto alla domanda di ricerca.
A7: Limiti | B7: Campione piccolo e auto-selezionato; età di I05 stimata dalla trascrizione; località di I04 e I01 dedotte dal testo. Le citazioni sono in italiano parlato e conservano esitazioni e imprecisioni del parlato.
